{
    "endCondition": {
        "None_None": 0.05506607929515419,
        "None_adjAll": 0.31497797356828183,
        "None_advTime": 0.18502202643171803,
        "None_punctuation": 0.07268722466960344,
        "None_sustAbstract": 0.2511013215859033,
        "None_sustAll": 0.19603524229074906,
        "None_sustComun": 0.3237885462555066,
        "adjAll_sustAll": 0.05286343612334805,
        "adjQualifying_None": 0.12775330396475781,
        "adjQualifying_sustAbstract": 0.1299559471365638,
        "adjUndefined_None": 0.15638766519823785,
        "advComparative_advPlace": 0.07048458149779745,
        "advComparative_advTime": 0.019823788546255515,
        "advPlace_punctuation": 0.04185022026431718,
        "advQuantity_advMode": 0.21806167400881057,
        "advTime_advTime": 0.05506607929515425,
        "conjComparative_ipi": 0.2973568281938326,
        "conjComparative_pronPersonal": 0.28854625550660795,
        "detArticle_None": 0.10352422907488981,
        "detArticle_adjAll": 0.11453744493392062,
        "detArticle_ipps": 0.29955947136563876,
        "detArticle_sustAbstract": 0.05506607929515425,
        "detArticle_sustAll": 0.06387665198237893,
        "detArticle_sustComun": 0.6541850220264317,
        "detArticle_sustDerivado": 0.6453744493392071,
        "detArticle_sustPropio": 0.02202643171806167,
        "detArticle_sustSimple": 0.6475770925110133,
        "detPossesive_None": 0.22246696035242308,
        "detPossesive_sustAll": 0.1167400881057269,
        "detPossesive_sustDisminutivo": 0.09030837004405283,
        "detPossesive_sustPropio": 0.13876651982378843,
        "detUndefined_None": 0.10352422907488974,
        "detUndefined_adjAll": 0.2114537444933921,
        "detUndefined_adjQualifying": 0.19162995594713653,
        "detUndefined_sustAll": 0.11453744493392061,
        "detUndefined_sustCompuesto": 0.18502202643171803,
        "detUndefined_sustDisminutivo": 0.19823788546255494,
        "detUndefined_sustPropio": 0.09471365638766521,
        "detUndefined_sustSimple": 0.14977973568281935,
        "ger_advMode": 0.24008810572687247,
        "i_None": 0.28193832599118906,
        "i_adjAll": 0.16079295154185022,
        "i_inf": 0.14537444933920698,
        "i_sustSimple": 0.6497797356828194,
        "inf_advMode": 0.1674008810572686,
        "inf_pronAll": 0.16960352422907501,
        "inf_sustComun": 0.6519823788546255,
        "ip_None": 0.10792951541850226,
        "ip_adjAll": 0.158590308370044,
        "ip_sustAbstract": 0.4229074889867837,
        "ip_sustAll": 0.03303964757709249,
        "ip_sustComun": 0.6563876651982379,
        "ip_sustSimple": 0.32158590308370044,
        "ipi_adjAll": 0.24669603524229072,
        "ipi_sustAll": 0.2114537444933922,
        "ipi_sustDisminutivo": 0.2026431718061676,
        "ipps_None": 0.6828193832599119,
        "ipps_adjAll": 0.2092511013215859,
        "ipps_adjQualifying": 0.09471365638766521,
        "ipps_adjSuperlative": 0.026431718061674023,
        "ipps_pronPersonal": 0.06607929515418504,
        "ipps_sustCompuesto": 0.10352422907488994,
        "number_None": 0.03964757709251103,
        "prepPosesion_None": 0.06167400881057268,
        "prepPosesion_adjAll": 0.27973568281938305,
        "prepPosesion_adjQualifying": 0.08810572687224669,
        "prepPosesion_advTime": 0.1740088105726873,
        "prepPosesion_sustAll": 0.14757709251101297,
        "prepPosesion_sustComun": 0.6585903083700441,
        "prepPosesion_sustSimple": 0.13656387665198239,
        "prepProper_None": 0.16740088105726877,
        "prepProper_advTime": 0.06828193832599119,
        "prepProper_sustAll": 0.18061674008810577,
        "prepTemporal_None": 0.20484581497797374,
        "prepTemporal_inf": 0.0066079295154184954,
        "prepTemporal_sustAbstract": 0.5132158590308373,
        "prepUbication_None": 0.20704845814977993,
        "prepUbication_ip": 0.14977973568281938,
        "prepUbication_sustSimple": 0.011013215859030832,
        "pronAll_None": 0.03303964757709258,
        "pronAll_sustAbstract": 0.29515418502202645,
        "pronUndefined_None": 0.19603524229074884,
        "pronUndefined_sustComun": 0.9779735682819384,
        "pronUndefined_sustDerivado": 0.6387665198237885,
        "sp_i": 0.13436123348017626,
        "sustAbstract_None": 0.07709251101321586,
        "sustAbstract_punctuation": 0.0638766519823789,
        "sustAll_None": 0.27312775330396494,
        "sustAll_adjQualifying": 0.11233480176211456,
        "sustDespectivo_None": 0.03524229074889863,
        "sustDisminutivo_adjAll": 0.31938325991189426,
        "sustPropio_adjAll": 0.1101321585903083,
        "sustSimple_None": 0.12555066079295166
    },
    "factCondition": 454.0,
    "factNounVrb": 356.0,
    "factPosVerb": 449.0,
    "factPreVerb": 440.0,
    "factPronVrb": 479.0,
    "factVerb": 467.0,
    "nounVerb": [
        [
            0.0,
            0.0,
            0.0,
            0.0,
            0.0,
            0.0,
            0.0,
            0.0,
            0.0,
            0.0,
            0.0
        ],
        [
            0.0,
            0.0,
            0.0,
            0.0,
            0.0,
            0.0,
            0.0,
            0.0,
            0.0,
            0.0,
            0.0
        ],
        [
            0.0,
            0.0,
            0.0,
            0.0,
            0.0,
            0.0,
            0.0,
            0.0,
            0.0,
            0.0,
            0.01685393258426966
        ],
        [
            0.04213483146067417,
            0.025280898876404494,
            0.0,
            0.01685393258426966,
            0.0,
            0.0,
            0.00842696629213483,
            0.0,
            0.03370786516853934,
            0.0,
            0.19382022471910113
        ],
        [
            0.008426966292134833,
            0.0,
            0.0,
            0.0,
            0.008426966292134828,
            0.0,
            0.0,
            0.0,
            0.008426966292134833,
            0.0056179775280898875,
            0.06460674157303373
        ],
        [
            0.0,
            0.0,
            0.0,
            0.0,
            0.0,
            0.0,
            0.0,
            0.0,
            0.00842696629213483,
            0.0,
            0.025280898876404494
        ],
        [
            0.0,
            0.0,
            0.0,
            0.0,
            0.0,
            0.0,
            0.0,
            0.0,
            0.0,
            0.0,
            0.0
        ],
        [
            0.02528089887640449,
            0.04213483146067417,
            0.0,
            0.0,
            0.0,
            0.0,
            0.016853932584269666,
            0.0,
            0.04213483146067417,
            0.01685393258426966,
            0.20505617977528098
        ],
        [
            0.0,
            0.01685393258426966,
            0.0,
            0.0,
            0.0,
            0.0,
            0.00842696629213483,
            0.0,
            0.008426966292134833,
            0.00842696629213483,
            0.1348314606741573
        ],
        [
            0.0,
            0.0,
            0.0,
            0.0,
            0.0,
            0.0,
            0.0,
            0.0,
            0.0,
            0.0,
            0.0
        ],
        [
            0.0,
            0.0,
            0.0,
            0.0,
            0.0,
            0.0,
            0.0,
            0.0,
            0.00842696629213483,
            0.0,
            0.0
        ],
        [
            0.0,
            0.0,
            0.0,
            0.0,
            0.0,
            0.0,
            0.0,
            0.0,
            0.0,
            0.0,
            0.0
        ],
        [
            0.0,
            0.0,
            0.0,
            0.0,
            0.0,
            0.0,
            0.0,
            0.0,
            0.0,
            0.0,
            0.0
        ]
    ],
    "nucleous": [
        [
            0.0,
            0.0,
            0.0,
            0.0,
            0.0,
            0.0,
            0.0,
            0.0,
            0.0,
            0.0,
            0.0,
            0.0
        ],
        [
            0.0,
            0.0,
            0.01927194860813705,
            0.0,
            0.6124197002141327,
            0.0,
            0.012847965738758025,
            0.0,
            0.0,
            0.0,
            0.0,
            0.021413276231263375
        ],
        [
            0.025695931477516063,
            0.0,
            0.0,
            0.0,
            0.02569593147751606,
            0.0,
            0.0,
            0.0,
            0.0,
            0.0,
            0.0,
            0.0
        ],
        [
            0.0,
            0.0,
            0.0,
            0.0,
            0.0,
            0.0,
            0.0,
            0.0,
            0.0,
            0.0,
            0.0,
            0.0
        ],
        [
            0.29122055674518194,
            0.14989293361884365,
            0.0835117773019272,
            0.23554603854389722,
            0.038543897216274076,
            0.0385438972162741,
            0.02569593147751605,
            0.0,
            0.019271948608137034,
            0.01927194860813705,
            0.0,
            0.0
        ],
        [
            0.0,
            0.0,
            0.0,
            0.0,
            0.03211991434689505,
            0.0,
            0.0,
            0.0,
            0.0,
            0.0,
            0.0,
            0.0
        ],
        [
            0.0,
            0.01927194860813705,
            0.012847965738758033,
            0.0,
            0.0642398286937901,
            0.0,
            0.0,
            0.0,
            0.0,
            0.0,
            0.0,
            0.006423982869379008
        ],
        [
            0.0,
            0.0,
            0.0,
            0.0,
            0.0,
            0.0,
            0.0,
            0.0,
            0.0,
            0.0,
            0.0,
            0.0
        ],
        [
            0.0,
            0.0,
            0.0,
            0.0,
            0.006423982869379013,
            0.0,
            0.0,
            0.0,
            0.0,
            0.0,
            0.0,
            0.0
        ],
        [
            0.0,
            0.0,
            0.0,
            0.0,
            0.0,
            0.0,
            0.0,
            0.0,
            0.0,
            0.0,
            0.0,
            0.0
        ],
        [
            0.0,
            0.0,
            0.0,
            0.0,
            0.00642398286937901,
            0.0,
            0.0,
            0.0,
            0.0,
            0.0,
            0.0,
            0.0
        ],
        [
            0.0,
            0.0,
            0.0,
            0.0,
            0.13704496788008566,
            0.0,
            0.0,
            0.0,
            0.0,
            0.0,
            0.0,
            0.0
        ]
    ],
    "postVerb": [
        [
            0.0,
            0.0,
            0.0,
            0.09576837416481075,
            0.046770601336302904,
            0.013363028953229402,
            0.0,
            0.1269487750556794,
            0.04008908685968821,
            0.0,
            0.0066815144766146865,
            0.0
        ],
        [
            0.0,
            0.0,
            0.0,
            0.08463251670378619,
            0.03340757238307347,
            0.006681514476614693,
            0.0,
            0.02004454342984408,
            0.024498886414253906,
            0.0,
            0.0,
            0.0
        ],
        [
            0.0,
            0.0,
            0.0,
            0.020044543429844082,
            0.013363028953229387,
            0.0,
            0.0,
            0.03340757238307348,
            0.020044543429844082,
            0.0,
            0.0,
            0.0
        ],
        [
            0.0,
            0.0,
            0.0066815144766146865,
            0.0200445434298441,
            0.06681514476614694,
            0.0,
            0.0,
            0.10022271714922049,
            0.03786191536748331,
            0.0,
            0.013363028953229385,
            0.0
        ],
        [
            0.0,
            0.0,
            0.0,
            0.0066815144766146925,
            0.006681514476614693,
            0.0,
            0.0,
            0.0200445434298441,
            0.022271714922049,
            0.0,
            0.0066815144766146925,
            0.0
        ],
        [
            0.0,
            0.0,
            0.0,
            0.006681514476614695,
            0.0,
            0.0,
            0.0,
            0.013363028953229373,
            0.013363028953229402,
            0.0,
            0.0066815144766146865,
            0.0
        ],
        [
            0.0,
            0.0,
            0.0,
            0.0,
            0.0066815144766146865,
            0.006681514476614694,
            0.0,
            0.013363028953229402,
            0.0,
            0.0,
            0.0,
            0.0
        ],
        [
            0.0,
            0.0,
            0.0,
            0.0,
            0.0,
            0.0,
            0.0,
            0.0,
            0.0,
            0.0,
            0.0,
            0.0
        ],
        [
            0.0,
            0.0,
            0.0,
            0.0066815144766146865,
            0.0,
            0.0,
            0.0,
            0.013363028953229406,
            0.0,
            0.0,
            0.0,
            0.0
        ],
        [
            0.0,
            0.0,
            0.0,
            0.013363028953229395,
            0.0,
            0.0,
            0.0,
            0.0,
            0.0066815144766146925,
            0.0,
            0.0,
            0.0
        ],
        [
            0.0,
            0.0,
            0.0,
            0.0,
            0.0,
            0.0,
            0.0,
            0.0,
            0.0,
            0.0,
            0.0,
            0.0
        ],
        [
            0.0,
            0.0,
            0.0,
            0.0,
            0.0,
            0.0,
            0.0,
            0.0,
            0.0,
            0.0,
            0.0,
            0.0
        ],
        [
            0.0,
            0.0,
            0.0,
            0.0,
            0.0,
            0.0,
            0.0,
            0.0,
            0.0,
            0.0,
            0.0,
            0.0
        ]
    ],
    "prevVerb": [
        [
            0.0,
            0.0,
            0.0,
            0.0,
            0.0,
            0.0,
            0.0,
            0.0,
            0.0,
            0.0,
            0.0,
            0.0,
            0.0
        ],
        [
            0.0,
            0.0,
            0.0,
            0.0,
            0.0,
            0.0,
            0.0,
            0.0,
            0.0,
            0.0,
            0.0,
            0.0,
            0.0
        ],
        [
            0.0,
            0.0,
            0.0,
            0.0,
            0.0,
            0.0,
            0.0,
            0.0,
            0.0,
            0.0,
            0.0,
            0.006818181818181811,
            0.0
        ],
        [
            0.0,
            0.19772727272727272,
            0.006818181818181812,
            0.0,
            0.0068181818181818135,
            0.020454545454545458,
            0.013636363636363622,
            0.0,
            0.0,
            0.0,
            0.0,
            0.006818181818181805,
            0.0
        ],
        [
            0.0,
            0.1568181818181817,
            0.0,
            0.0,
            0.006818181818181814,
            0.0,
            0.01363636363636363,
            0.0,
            0.0,
            0.0,
            0.0,
            0.0,
            0.0
        ],
        [
            0.0,
            0.013636363636363629,
            0.0,
            0.0,
            0.0,
            0.0,
            0.006818181818181814,
            0.0,
            0.0,
            0.0,
            0.0,
            0.0,
            0.0
        ],
        [
            0.0,
            0.0,
            0.0,
            0.0,
            0.0,
            0.0,
            0.0,
            0.0,
            0.0,
            0.0,
            0.0,
            0.0,
            0.0
        ],
        [
            0.0,
            0.21136363636363636,
            0.006818181818181812,
            0.0,
            0.006818181818181811,
            0.0,
            0.04090909090909086,
            0.0,
            0.0,
            0.0,
            0.006818181818181811,
            0.06818181818181816,
            0.0
        ],
        [
            0.0,
            0.0931818181818182,
            0.0,
            0.0,
            0.0,
            0.01363636363636361,
            0.020454545454545444,
            0.0,
            0.006818181818181805,
            0.0,
            0.0,
            0.03409090909090906,
            0.0
        ],
        [
            0.0,
            0.0,
            0.0,
            0.0,
            0.0,
            0.0,
            0.0,
            0.0,
            0.0,
            0.0,
            0.0,
            0.0,
            0.0
        ],
        [
            0.0,
            0.027272727272727244,
            0.006818181818181811,
            0.0,
            0.0,
            0.0,
            0.0,
            0.0,
            0.0,
            0.0,
            0.0,
            0.0,
            0.0
        ],
        [
            0.0,
            0.0,
            0.0,
            0.0,
            0.0,
            0.0,
            0.0,
            0.0,
            0.0,
            0.0,
            0.0,
            0.0,
            0.0
        ]
    ],
    "pronVerb": [
        [
            0.0,
            0.0,
            0.0,
            0.0,
            0.0,
            0.0
        ],
        [
            0.0,
            0.0,
            0.0,
            0.0,
            0.0,
            0.0
        ],
        [
            0.006263048016701455,
            0.006263048016701455,
            0.006263048016701455,
            0.006263048016701455,
            0.006263048016701455,
            0.006263048016701455
        ],
        [
            0.018789144050104362,
            0.0,
            0.1315240083507306,
            0.0,
            0.0,
            0.08768267223382052
        ],
        [
            0.1127348643006263,
            0.0,
            0.0062630480167014555,
            0.0,
            0.0,
            0.04384133611691025
        ],
        [
            0.0,
            0.0,
            0.012526096033402925,
            0.0062630480167014555,
            0.0,
            0.0062630480167014555
        ],
        [
            0.0,
            0.0,
            0.0,
            0.0,
            0.0,
            0.0
        ],
        [
            0.12526096033402923,
            0.0,
            0.131524008350731,
            0.0,
            0.0,
            0.0626304801670146
        ],
        [
            0.01878914405010439,
            0.01878914405010437,
            0.11691022964509397,
            0.0062630480167014495,
            0.0062630480167014495,
            0.01878914405010437
        ],
        [
            0.0,
            0.0,
            0.0,
            0.0,
            0.0,
            0.0
        ],
        [
            0.01878914405010437,
            0.0,
            0.0,
            0.0,
            0.0,
            0.012526096033402927
        ],
        [
            0.0,
            0.0,
            0.0,
            0.0,
            0.0,
            0.0
        ],
        [
            0.0,
            0.0,
            0.0,
            0.0,
            0.0,
            0.0
        ]
    ],
    "workflow": {
        "functions": [
            [
                "has",
                "isDet",
                "isPron",
                "isPunc",
                "isIntj",
                "isPrep",
                "is",
                "isAux",
                "isAdj",
                "isNum",
                "isConj",
                "does",
                "isNoun",
                "setNuc",
                "isVerb",
                "null",
                "belong",
                "isAdv"
            ]
        ],
        "graph": {
            "connects": [
                [
                    0.0,
                    0.49308300395256865,
                    0.05434782608695652,
                    0.0029644268774703547,
                    0.01778656126482214,
                    0.0,
                    0.0,
                    0.0,
                    0.0029644268774703542,
                    0.002964426877470354,
                    0.0,
                    0.0
                ],
                [
                    0.020750988142292495,
                    0.07608695652173914,
                    0.0207509881422925,
                    0.1007905138339921,
                    0.28853754940711457,
                    0.0207509881422925,
                    0.0326086956521739,
                    0.0,
                    0.0266798418972332,
                    0.0,
                    0.023715415019762844,
                    0.04841897233201581
                ],
                [
                    0.0296442687747036,
                    0.02964426877470356,
                    0.0,
                    0.0019762845849802357,
                    0.014822134387351775,
                    0.0,
                    0.0029644268774703547,
                    0.0,
                    0.005928853754940709,
                    0.0,
                    0.0,
                    0.005928853754940707
                ],
                [
                    0.09486166007905139,
                    0.12747035573122512,
                    0.013833992094861655,
                    0.0,
                    0.023715415019762837,
                    0.008893280632411075,
                    0.007905138339920936,
                    0.0,
                    0.0,
                    0.0,
                    0.0,
                    0.0
                ],
                [
                    0.14624505928853748,
                    0.07707509881422922,
                    0.041501976284584984,
                    0.13537549407114635,
                    0.020750988142292474,
                    0.023715415019762837,
                    0.019762845849802375,
                    0.0,
                    0.014822134387351766,
                    0.011857707509881422,
                    0.0,
                    0.0
                ],
                [
                    0.0,
                    0.0,
                    0.0029644268774703547,
                    0.005928853754940709,
                    0.014822134387351783,
                    0.029644268774703487,
                    0.002964426877470353,
                    0.0,
                    0.0,
                    0.0,
                    0.0029644268774703547,
                    0.002964426877470352
                ],
                [
                    0.0,
                    0.048418972332015815,
                    0.008893280632411071,
                    0.0,
                    0.02964426877470355,
                    0.0,
                    0.0,
                    0.0,
                    0.0,
                    0.0,
                    0.0,
                    0.005928853754940707
                ],
                [
                    0.0,
                    0.0,
                    0.0,
                    0.0,
                    0.0,
                    0.0,
                    0.0,
                    0.0,
                    0.0,
                    0.0,
                    0.0,
                    0.0
                ],
                [
                    0.00889328063241106,
                    0.0266798418972332,
                    0.0,
                    0.0,
                    0.01482213438735179,
                    0.0,
                    0.0059288537549407085,
                    0.0,
                    0.0,
                    0.0,
                    0.0,
                    0.0
                ],
                [
                    0.0,
                    0.011857707509881422,
                    0.0,
                    0.002964426877470354,
                    0.0,
                    0.0,
                    0.0,
                    0.0,
                    0.0,
                    0.0,
                    0.0,
                    0.0
                ],
                [
                    0.0029644268774703542,
                    0.005928853754940709,
                    0.0,
                    0.0,
                    0.005928853754940709,
                    0.0,
                    0.0029644268774703547,
                    0.0,
                    0.0,
                    0.0,
                    0.0,
                    0.0
                ],
                [
                    0.0,
                    0.0,
                    0.0,
                    0.0,
                    0.06324110671936747,
                    0.0,
                    0.0,
                    0.0,
                    0.0,
                    0.0,
                    0.0,
                    0.0
                ]
            ],
            "factor": 1012.0,
            "factorFinnish": 454.0,
            "factorStart": 454.0,
            "finnish": [
                [
                    0.0,
                    0.2577092511013216,
                    0.05506607929515418,
                    0.0,
                    0.006607929515418496,
                    0.0,
                    0.0,
                    0.0,
                    0.0,
                    0.0,
                    0.0,
                    0.0
                ],
                [
                    0.0,
                    0.10572687224669604,
                    0.026431718061673992,
                    0.0,
                    0.0,
                    0.013215859030836998,
                    0.0,
                    0.0,
                    0.0,
                    0.0,
                    0.013215859030836991,
                    0.0
                ],
                [
                    0.0,
                    0.03303964757709249,
                    0.0,
                    0.0,
                    0.0,
                    0.0,
                    0.0,
                    0.0,
                    0.0,
                    0.0,
                    0.0,
                    0.0
                ],
                [
                    0.0,
                    0.16519823788546256,
                    0.017621145374449317,
                    0.0,
                    0.013215859030837012,
                    0.013215859030837003,
                    0.0,
                    0.0,
                    0.0,
                    0.0,
                    0.0,
                    0.0
                ],
                [
                    0.0,
                    0.07709251101321589,
                    0.041850220264317194,
                    0.0,
                    0.013215859030836991,
                    0.013215859030837001,
                    0.013215859030837003,
                    0.0,
                    0.0,
                    0.0,
                    0.0,
                    0.0
                ],
                [
                    0.0,
                    0.0,
                    0.0,
                    0.0,
                    0.0,
                    0.02643171806167402,
                    0.0,
                    0.0,
                    0.0,
                    0.0,
                    0.006607929515418489,
                    0.0
                ],
                [
                    0.0,
                    0.05506607929515418,
                    0.0,
                    0.0,
                    0.0,
                    0.0,
                    0.0,
                    0.0,
                    0.0,
                    0.0,
                    0.0,
                    0.0
                ],
                [
                    0.0,
                    0.0,
                    0.0,
                    0.0,
                    0.0,
                    0.0,
                    0.0,
                    0.0,
                    0.0,
                    0.0,
                    0.0,
                    0.0
                ],
                [
                    0.0,
                    0.0,
                    0.0,
                    0.0,
                    0.006607929515418496,
                    0.0,
                    0.006607929515418497,
                    0.0,
                    0.0,
                    0.0,
                    0.0,
                    0.0
                ],
                [
                    0.0,
                    0.019823788546255515,
                    0.0,
                    0.0,
                    0.0,
                    0.0,
                    0.0,
                    0.0,
                    0.0,
                    0.0,
                    0.0,
                    0.0
                ],
                [
                    0.0,
                    0.0,
                    0.0,
                    0.0,
                    0.0,
                    0.0,
                    0.0,
                    0.0,
                    0.0,
                    0.0,
                    0.0,
                    0.0
                ],
                [
                    0.0,
                    0.0,
                    0.0,
                    0.0,
                    0.0,
                    0.0,
                    0.0,
                    0.0,
                    0.0,
                    0.0,
                    0.0,
                    0.0
                ]
            ],
            "first": 0,
            "height": 12,
            "id": "",
            "iterations": 454,
            "name": "workflow",
            "nodeNames": [
                "DET",
                "NOUN",
                "ADJ",
                "PREP",
                "VERB",
                "ADV",
                "PRON",
                "INTJ",
                "CONJ",
                "NUM",
                "PUNC",
                "AUX"
            ],
            "nodes": [
                0,
                1,
                2,
                3,
                4,
                5,
                6,
                7,
                8,
                9,
                10,
                11
            ],
            "start": [
                [
                    0.0,
                    0.5572687224669598,
                    0.026431718061673996,
                    0.0,
                    0.01982378854625551,
                    0.0,
                    0.0,
                    0.0,
                    0.0,
                    0.0,
                    0.0,
                    0.0
                ],
                [
                    0.0,
                    0.0,
                    0.0,
                    0.0,
                    0.1123348017621146,
                    0.006607929515418495,
                    0.006607929515418496,
                    0.0,
                    0.03964757709251102,
                    0.0,
                    0.013215859030837008,
                    0.006607929515418496
                ],
                [
                    0.0,
                    0.019823788546255515,
                    0.0,
                    0.0,
                    0.0,
                    0.0,
                    0.0,
                    0.0,
                    0.0,
                    0.0,
                    0.0,
                    0.006607929515418497
                ],
                [
                    0.039647577092511,
                    0.0066079295154184954,
                    0.0,
                    0.0,
                    0.0,
                    0.0,
                    0.013215859030836991,
                    0.0,
                    0.0,
                    0.0,
                    0.0,
                    0.0
                ],
                [
                    0.013215859030836979,
                    0.0,
                    0.0,
                    0.006607929515418489,
                    0.006607929515418496,
                    0.0,
                    0.0,
                    0.0,
                    0.006607929515418496,
                    0.0,
                    0.0,
                    0.0
                ],
                [
                    0.0,
                    0.0,
                    0.0,
                    0.0066079295154184954,
                    0.006607929515418496,
                    0.0066079295154184954,
                    0.0,
                    0.0,
                    0.0,
                    0.0,
                    0.0,
                    0.0
                ],
                [
                    0.0,
                    0.013215859030837003,
                    0.0,
                    0.0,
                    0.03303964757709249,
                    0.0,
                    0.0,
                    0.0,
                    0.0,
                    0.0,
                    0.0,
                    0.01321585903083699
                ],
                [
                    0.0,
                    0.0,
                    0.0,
                    0.0,
                    0.0,
                    0.0,
                    0.0,
                    0.0,
                    0.0,
                    0.0,
                    0.0,
                    0.0
                ],
                [
                    0.013215859030837008,
                    0.0,
                    0.0,
                    0.0,
                    0.0,
                    0.0,
                    0.0,
                    0.0,
                    0.0,
                    0.0,
                    0.0,
                    0.0
                ],
                [
                    0.0,
                    0.0,
                    0.0,
                    0.0,
                    0.0,
                    0.0,
                    0.0,
                    0.0,
                    0.0,
                    0.0,
                    0.0,
                    0.0
                ],
                [
                    0.0,
                    0.0,
                    0.0,
                    0.0,
                    0.0,
                    0.0,
                    0.0,
                    0.0,
                    0.0,
                    0.0,
                    0.0,
                    0.0
                ],
                [
                    0.0,
                    0.0,
                    0.0,
                    0.0,
                    0.0,
                    0.0,
                    0.0,
                    0.0,
                    0.0,
                    0.0,
                    0.0,
                    0.0
                ]
            ],
            "width": 12
        },
        "nodes": [
            {
                "function": "isDet",
                "id": 0,
                "name": "DET"
            },
            {
                "function": "isNoun",
                "id": 1,
                "name": "NOUN"
            },
            {
                "function": "isAdj",
                "id": 2,
                "name": "ADJ"
            },
            {
                "function": "isPrep",
                "id": 3,
                "name": "PREP"
            },
            {
                "function": "isVerb",
                "id": 4,
                "name": "VERB"
            },
            {
                "function": "isAdv",
                "id": 5,
                "name": "ADV"
            },
            {
                "function": "isPron",
                "id": 6,
                "name": "PRON"
            },
            {
                "function": "isIntj",
                "id": 7,
                "name": "INTJ"
            },
            {
                "function": "isConj",
                "id": 8,
                "name": "CONJ"
            },
            {
                "function": "isNum",
                "id": 9,
                "name": "NUM"
            },
            {
                "function": "isPunc",
                "id": 10,
                "name": "PUNC"
            },
            {
                "function": "isAux",
                "id": 11,
                "name": "AUX"
            }
        ]
    }
}