{
    "functions": [
        [
            "isIntj",
            "isNum",
            "isConj",
            "isPron",
            "isPunc",
            "isAdj",
            "isDet",
            "null",
            "isPrep",
            "isAdv",
            "setNuc",
            "isVerb",
            "isNoun"
        ]
    ],
    "graph": {
        "connects": [
            [
                0.0,
                0.39080459770114945,
                0.0,
                0.0,
                0.0,
                0.0,
                0.0,
                0.0,
                0.0,
                0.0,
                0.0
            ],
            [
                0.0,
                0.14942528735632185,
                0.1379310344827586,
                0.06896551724137931,
                0.11494252873563218,
                0.10344827586206896,
                0.16091954022988506,
                0.0,
                0.0,
                0.0,
                0.16091954022988508
            ],
            [
                0.0,
                0.0,
                0.0,
                0.05747126436781609,
                0.0,
                0.0,
                0.0,
                0.0,
                0.08045977011494254,
                0.0,
                0.0
            ],
            [
                0.011494252873563218,
                0.1839080459770115,
                0.0,
                0.0,
                0.0,
                0.0,
                0.034482758620689655,
                0.0,
                0.0,
                0.0,
                0.0
            ],
            [
                0.14942528735632185,
                0.11494252873563218,
                0.0,
                0.06896551724137931,
                0.0,
                0.0,
                0.022988505747126436,
                0.0,
                0.0,
                0.0,
                0.0
            ],
            [
                0.0,
                0.08045977011494254,
                0.0,
                0.0,
                0.05747126436781609,
                0.0,
                0.0,
                0.0,
                0.0,
                0.0,
                0.0
            ],
            [
                0.011494252873563218,
                0.022988505747126436,
                0.0,
                0.0,
                0.05747126436781609,
                0.0,
                0.011494252873563218,
                0.0,
                0.0,
                0.0,
                0.0
            ],
            [
                0.0,
                0.0,
                0.0,
                0.0,
                0.0,
                0.0,
                0.0,
                0.0,
                0.0,
                0.0,
                0.0
            ],
            [
                0.0,
                0.0,
                0.0,
                0.0,
                0.0,
                0.08045977011494254,
                0.0,
                0.0,
                0.0,
                0.0,
                0.0
            ],
            [
                0.0,
                0.0,
                0.0,
                0.0,
                0.0,
                0.0,
                0.0,
                0.0,
                0.0,
                0.0,
                0.0
            ],
            [
                0.0,
                0.05747126436781609,
                0.0,
                0.0,
                0.08045977011494254,
                0.0,
                0.022988505747126436,
                0.0,
                0.0,
                0.0,
                0.0
            ]
        ],
        "factor": 87.0,
        "first": 0,
        "height": 11,
        "id": "",
        "iterations": 18,
        "name": "workflow",
        "nodeNames": [
            "DET",
            "NOUN",
            "ADJ",
            "PREP",
            "VERB",
            "ADV",
            "PRON",
            "INTJ",
            "CONJ",
            "NUM",
            "PUNC"
        ],
        "nodes": [
            0,
            1,
            2,
            3,
            4,
            5,
            6,
            7,
            8,
            9,
            10
        ],
        "width": 0
    },
    "nodes": [
        {
            "function": "isDet",
            "id": 0,
            "name": "DET"
        },
        {
            "function": "isNoun",
            "id": 1,
            "name": "NOUN"
        },
        {
            "function": "isAdj",
            "id": 2,
            "name": "ADJ"
        },
        {
            "function": "isPrep",
            "id": 3,
            "name": "PREP"
        },
        {
            "function": "isVerb",
            "id": 4,
            "name": "VERB"
        },
        {
            "function": "isAdv",
            "id": 5,
            "name": "ADV"
        },
        {
            "function": "isPron",
            "id": 6,
            "name": "PRON"
        },
        {
            "function": "isIntj",
            "id": 7,
            "name": "INTJ"
        },
        {
            "function": "isConj",
            "id": 8,
            "name": "CONJ"
        },
        {
            "function": "isNum",
            "id": 9,
            "name": "NUM"
        },
        {
            "function": "isPunc",
            "id": 10,
            "name": "PUNC"
        }
    ]
}